{"state": [[-0.7853981639422591, "1j [Z0 Y1 Y2 Y3]"], [0.7853985525720935, "1j [Z0 Y2 X3]"], [-1.9614049500483616e-05, "1j [Z0 Y2]"], [-1.5107042257091678e-05, "1j [Z0 X1 X2 X3]"], [1.3603557109432434e-05, "1j [Z1 Z2 X3]"], [-4.601458565448159e-06, "1j [Z0 X1 Y3]"], [-4.887720777825154e-06, "1j [Z1 Z2 Y3]"]], "phi": [[[[9.918052330883101e-05, 1.1080354760038953, -1.2427650516832518, -1.5704080467991033, -0.5217416802010925], [-1.4281198744417212, 0.44672672467723706, 2.381703338579594, 0.2462952972309227, -0.6624098614339777]], [[-1.2692482617139188e-05, -0.7172728781630077, 1.101855025136537, 1.5715011622746284, -1.0410325663752504], [-1.1538424518413053, 0.2327259312611404, 3.1340860831217188, 0.7513580832960015, -1.1161773956902432]], [[-3.141616983088881, -0.7065182301599484, 0.435445108537237, 1.571269058038038, -1.3431054780120486], [1.1585541014294336, 0.2621074092947584, 0.248010981205516, -0.13931461224225636, 0.8901876206752842]], [[8.606074360178042e-05, 0.15379981524839503, -3.3914615742054393, 1.5710490497273584, -0.5604172708777556], [1.4057957909604535, 0.368242682068773, -0.47248406139667154, -0.7191055081331108, 0.047642309430242155]], [[3.1414841796277946, -0.8909504270946065, 0.27395974792026834, 1.570634336047477, 1.8213777724426443], [1.5405002959692928, 3.6876244220554355, -0.8489777921937152, -0.0698263579622068, -0.44387698446488116]], [[1.79019270995611e-05, -2.26457235313975, -0.5544215577335594, -1.570620254337084, -0.979151847878138], [-0.5140912160485906, 2.745362624538281, 1.079202579812221, -1.1504228502974208, 2.338236017746444]], [[3.1415464495447916, -1.326294599057947, 0.27453677397125203, -1.571261333611163, -4.02600550622246], [0.5372402944309195, 0.5129305839147817, 3.0297107431258268, 1.534516591985389, -2.1490275425480823]], [[3.141503900383258, 0.48468003351117556, 0.07853434462210084, -1.5706324305882269, 0.25031031436661044], [-0.010881530816730819, 2.7013282034263852, -0.5897150905545497, 0.4298531335849824, 2.648609388917954]], [[-2.011589799951689e-05, -0.11597267149165087, 1.5451471908146168, -4.71268061881077, 1.0559462374490758], [-0.014608962759456615, -0.4998455504427947, -0.5241754376547115, 0.05667611240800026, 1.718713568654714]], [[1.7501271631297798e-05, -1.6216424569333607, 1.7720390221751605, 1.5712642925183788, -0.8068754966813035], [-2.9633630624885434, -1.4370679235197044, -0.10184323933695487, -1.8742921482038317, -1.8609057716703767]], [[-0.00013068609844190605, 0.6454042801162222, -0.027103711784896838, 1.5706713836107808, -1.2747836800381784], [-1.90705178800404, -1.6085461053911125, -1.7036172909827998, 0.12298228998664787, -0.6933985931119607]], [[-4.304021556400923e-05, 0.8501797225602213, 0.4106418781060998, 1.5707867739302397, 1.2243897842332816], [2.5118438064934483, 0.1822889321840648, -0.2902206006600257, 2.4044918983125303, -2.9486507641363886]], [[-7.312723082983498e-05, 0.7144531453923723, 1.0001615307208511, 1.5707773764080388, 0.7705337732554896], [2.4516258882775417, 0.2991338182268523, 1.835884321438037, 2.9812369997886754, -2.3065898414895964]], [[-1.6326122598921557e-05, 0.3663726741679482, 0.02980520402321063, 1.5708647206439, -1.0527513254132372], [1.2264984451429244, 0.35732316977691836, 6.28188977590868, -0.7552317129378017, -3.2333748280093864]]]], "metrics": {"energy": [-0.6881485400287706, -0.9767380033765182, -0.9999738146053728, -0.9999999519503452, -0.9999999877384391], "mutual_information": [1.92205590228895e-15, 3.6109782350064092, 3.9995888447763868, 3.999999554246058, 3.999999995134047], "adapt_pool_gradmax": [0, 7.2416570726097085e-09, 7.753326729358079e-07, 4.2557776473138024e-08, 5.001601367063223e-07], "phi_grad": [9.5367431640625e-07, 2.086162567138672e-07, 2.086162567138672e-07, 2.376735210418701e-06, 2.086162567138672e-07, -1.817941665649414e-06, -9.238719940185547e-07, 1.7881393432617188e-07, 0.0, 4.991888999938965e-07, 1.341104507446289e-07, 7.003545761108398e-07, 7.003545761108398e-07, 8.07642936706543e-06, 7.003545761108398e-07, -4.246830940246582e-07, -6.258487701416016e-07, 2.0116567611694336e-07, 0.0, -4.023313522338867e-07, 3.129243850708008e-07, 5.21540641784668e-08, -7.450580596923828e-08, 8.143484592437744e-06, 5.21540641784668e-08, 1.5422701835632324e-06, -8.195638656616211e-07, 7.897615432739258e-07, 0.0, 7.674098014831543e-07, 5.21540641784668e-07, -5.066394805908203e-07, -4.991888999938965e-07, 0.0, -5.066394805908203e-07, 1.5348196029663086e-06, 1.4156103134155273e-06, 7.450580596923828e-08, 0.0, -7.003545761108398e-07, -1.043081283569336e-06, -1.1622905731201172e-06, 1.1399388313293457e-06, -2.5331974029541016e-06, -1.1473894119262695e-06, 1.7434358596801758e-06, -7.450580596923828e-07, 5.587935447692871e-07, -7.450580596923828e-09, 4.023313522338867e-07, 4.6193599700927734e-07, -2.16066837310791e-06, -2.16066837310791e-06, 1.7881393432617188e-06, -2.16066837310791e-06, -4.023313522338867e-07, 4.6193599700927734e-07, -2.7567148208618164e-07, 0.0, -1.1101365089416504e-06, -1.7881393432617188e-07, -3.1813979148864746e-06, 3.1739473342895508e-06, -3.084540367126465e-06, -3.1888484954833984e-06, 3.203749656677246e-07, -4.172325134277344e-07, -7.152557373046875e-07, 0.0, -7.748603820800781e-07, -7.599592208862305e-07, -5.885958671569824e-07, 5.662441253662109e-07, 1.4156103134155273e-07, -5.885958671569824e-07, -3.948807716369629e-07, -7.972121238708496e-07, -7.897615432739258e-07, 0.0, 3.5762786865234375e-07, 5.960464477539063e-08, -9.685754776000977e-08, -9.685754776000977e-08, -2.1383166313171387e-06, -8.195638656616211e-08, -1.3187527656555176e-06, 7.450580596923828e-08, 2.9802322387695312e-08, 0.0, 2.518296241760254e-06, 6.705522537231445e-08, -9.834766387939453e-07, -9.834766387939453e-07, 1.944601535797119e-06, -9.834766387939453e-07, -8.940696716308594e-08, 7.674098014831543e-07, -1.4156103134155273e-06, 0.0, 3.948807716369629e-07, -9.387731552124023e-07, 4.6193599700927734e-07, 4.6193599700927734e-07, 5.21540641784668e-08, 4.544854164123535e-07, 5.066394805908203e-07, -1.1920928955078125e-06, -2.3990869522094727e-06, 0.0, 3.8743019104003906e-07, -3.129243850708008e-07, 2.1085143089294434e-06, 2.115964889526367e-06, 5.885958671569824e-07, 2.115964889526367e-06, -8.493661880493164e-07, -2.2351741790771484e-08, 2.3096799850463867e-07, 0.0, 5.140900611877441e-07, -5.811452865600586e-07, 9.760260581970215e-07, 9.760260581970215e-07, -1.341104507446289e-07, 9.760260581970215e-07, 3.2782554626464844e-07, 2.5331974029541016e-07, -1.2665987014770508e-07, 0.0, 1.4901161193847656e-08, -7.450580596923828e-09, -5.632638931274414e-06, -5.632638931274414e-06, 7.078051567077637e-07, -5.647540092468262e-06, -1.1995434761047363e-06, 1.430511474609375e-06, 3.598630428314209e-06, -7.450580596923828e-09, 3.516674041748047e-06], "theta_grad": [-3.7460160920318757e-06, -3.6352954108638946e-06, 1.2318396625297724e-05, -2.749159346107642e-06, -3.5734135271801122e-06, -5.666840481634206e-09, -1.8397568755751355e-10]}, "metadata": {"seed": 207537333, "weighting": null, "dpo_tol": 1e-06, "adapt_tol": 1e-06, "phi_tol": 1e-05, "constrain_phi": true, "type": "nonviolation", "layer": "u10"}}