{"state": [[-1.0725161364381823, "1j [X0 Y1 X2 X3]"], [0.7853981633974522, "1j [Y0 Z2 X3]"], [-0.3850393432444587, "1j [Y0]"], [-1.2157782306738435e-11, "1j [Z1 Y3]"], [0.7853981634020849, "1j [Y1 Z3]"]], "phi": [[[3.0267033676804713, -0.1647667976543852], [-0.11489018734953726, -1.5107897971444213], [-0.11488851184948537, 1.1820009488559686], [-0.1148887881248783, -0.16440033000461654], [-0.11488933774028755, 2.977194305920268], [-3.256476725851509, -0.1647697208633061], [-0.11488758577588, 2.0796011309520614], [-0.11488965018207224, -2.4083910771203616], [3.026698824946888, -0.16476414072519863], [-0.1148836256238412, -0.6131947668967554], [-3.2564818890167078, -0.16476678991887042], [-0.11488877829757321, -3.305994918465452], [-0.11489481920968218, 0.2844018765185075], [-3.256481435164875, -3.306359893045425]], [[-2.4864031353759515, 1.9802654187597548], [0.6551899729914779, 0.6342421875166437], [-5.627996684268516, 3.327033388391069], [0.655189638753652, 1.9806318656251736], [0.6551896063502699, -1.1609585678501693], [3.796776645854377, 1.9802625475973477], [0.6551886314667267, -2.0585521038156087], [0.6551915809381603, -0.2633585428031271], [-2.4863972291214567, 1.980268084074337], [0.6551849419757029, 1.5318373193853336], [3.7967822668231648, 1.980265423670265], [0.6551899729964351, -1.160962691271351], [0.6551940220779316, -3.8537511497009587], [3.7967823684885684, -1.161327372029608]]], "metrics": {"energy": [12.699353130626927, 0.17560925249678336, 0.11028466993687505, 0.11028466993686686], "mutual_information": [0.0, 3.975434991069406, 4.0, 4.0]}}