{"state": [[-1.1320066693230249, "1j [Y1]"], [0.3625549058769682, "1j [Y2 X3]"], [-1.1677378814276728e-14, "1j [Y0 Z2 X3]"], [-0.7853981633974262, "1j [Z0 Y2 X3]"], [0.10647897175006818, "1j [Y0 Y2 Y3]"]], "phi": [[[-3.8982863345199923, 2.448376194113506], [4.1793588677277596, -0.6932171018218845], [-0.3078948830835159, 2.4483750663122077], [4.179358735841729, -0.6932165477265683], [-1.2054927758212026, -3.8348113256750933], [1.038502331518003, -3.8348095636490047], [-2.103090148199723, 2.448375699537337], [3.2824969210133763, -3.8348082168194746], [4.179358812080664, -0.6932175238763341], [1.48730147789697, -3.834809466130878], [-5.693481773779122, 2.4483756591002406], [-2.1030903985235763, 2.448375401237567], [4.179358614413507, -0.6932172437494947], [1.0377660565129856, -0.6932171339876066]], [[1.4818037832062296, 4.925347522774472], [-0.3126561397564328, 1.78375428064984], [-2.1085879618987255, -1.3578390220264214], [-0.31265591293280975, 1.783754468114486], [5.072195253245426, -1.3578400868124179], [-3.454985074853819, -1.3578385923042313], [-0.3133921514390423, 4.925346998108365], [0.584205642348343, -1.3578368022511618], [-0.3126561932952967, 1.783753675643637], [2.3794016589156444, -1.3578382715824842], [3.2769993325891975, -1.3578384655309654], [-0.3133924988463062, -1.3578385260562629], [-0.3126562733498189, -4.499431214861199], [-3.4542483637367605, 1.7837542683412273]]], "metrics": {"energy": [28.946690522948334, 0.9922650971320637, 0.6935402521587453, 0.6932180960825844, 0.6932179246929614], "mutual_information": [0.0, 3.9512984310266397, 3.9999473499025986, 2.0000000000000018, 2.0000000000000027]}}