{"state": [[0.7853981633974483, "1j [Y0 X1 X3]"], [-0.28353005359321914, "1j [Y1 X2 X3]"], [0.7853981633974484, "1j [X0 Y2 X3]"], [0.04772713941255198, "1j [Y0]"], [-0.014170954670534195, "1j [Y3]"], [-9.496566834000434e-08, "1j [X0 Y1 X2]"], [9.260380882023393e-08, "1j [Y0 Z3]"]], "phi": [[[1.9674210420339928, 1.003735515466198], [0.17122826196295976, -2.1378570176408433], [-1.6229745414233325, 1.0037368650376957], [-0.7253724615911247, 1.003736645025791], [0.17122961585432897, -2.137854646657284], [0.17222205318418288, -5.279445427395545], [-2.9693717775810815, 1.0037348014069094], [1.0698184288077615, 1.0037355112722963], [0.17122782141910634, -2.1378584213474063], [0.17222014463061616, 1.0037360976484595], [0.17122893880064322, 4.145328884300856], [-3.418167900589436, 1.0037325800643189], [-2.520572269058659, 1.0037353070091033], [-2.9703637484372383, -2.1378542682959427]], [[-3.4427631098494533, 1.5424550952173357], [-1.6465706015157056, 4.684047618516728], [0.1476323476342731, 1.5424535924390423], [-0.7499698579455419, 1.5424538342935898], [-1.6465714914214125, -1.5991397711201532], [-1.6475642175259053, 1.5424508091300009], [1.4940296308065124, -4.740729516874973], [-2.545160462537524, 1.5424550827536068], [-1.6465701253071165, -1.5991362335487542], [-1.647562170695572, 1.542454731735123], [-1.646571038813134, -1.5991381904777828], [1.942825832490153, 1.542457981657905], [1.0452301063392562, 1.542455342158095], [1.49502156914407, 4.68404442884195]]], "metrics": {"energy": [11.33520893764728, 0.5128827633114968, 0.11035219767777077, 0.11028468223392986, 0.11028466986231901], "mutual_information": [1.92205590228895e-15, 3.8482198856481595, 3.9999743054800536, 3.999999996131768, 2.0], "adapt_pool_gradmax": [0, 1.0909650960400086e-10, 1.400334917467383e-09, 2.8877292335138804e-08, 3.17232236174414e-08], "phi_grad": [3.2689422369003296e-07, -2.8777867555618286e-07, -1.8347054719924927e-07, -2.635642886161804e-07, -1.685693860054016e-07, 4.032626748085022e-07, 9.592622518539429e-08, 3.0547380447387695e-07, 1.0151416063308716e-07, 1.1166557669639587e-06, 9.406358003616333e-08, 1.887790858745575e-06, -4.6566128730773926e-09, -7.329508662223816e-07, -1.7695128917694092e-07, -4.759058356285095e-07, -6.612390279769897e-08, -1.0579824447631836e-06, -1.1175870895385742e-08, -1.0058283805847168e-07, -1.1455267667770386e-07, 1.9371509552001953e-07, 1.5832483768463135e-08, -1.8207356333732605e-06, 4.377216100692749e-08, -5.094334483146667e-07, 1.73225998878479e-07, 1.7890706658363342e-06, -2.0582228899002075e-07, 5.476176738739014e-07, -1.3317912817001343e-07, 4.237517714500427e-07, 3.2316893339157104e-07, -3.6973506212234497e-07, -2.8777867555618286e-07, -2.9336661100387573e-07, 7.916241884231567e-08, -8.4657222032547e-07, -7.171183824539185e-08, -1.708976924419403e-06, 3.259629011154175e-08, 7.404014468193054e-07, 2.1886080503463745e-07, 4.889443516731262e-07, 7.543712854385376e-08, 1.2647360563278198e-06, 9.778887033462524e-08, 1.94646418094635e-07, 5.494803190231323e-08, 1.2386590242385864e-07, 2.1141022443771362e-07, 1.8356367945671082e-06, -1.8067657947540283e-07, 3.9674341678619385e-07, 2.8870999813079834e-08, -2.0349398255348206e-06], "theta_grad": [2.927554914268814e-06, -3.0498181787779605e-06, 3.232634804839485e-07, 1.410197429344958e-06, 1.1410714616383457e-15, 6.08086594813817e-07, 7.932359789500484e-16]}}