{"state": [[0.8202069998918147, "1j [Y1 X2 Z3]"], [0.21722197283438593, "1j [Y0 Z1 Z3]"], [0.21722197659947415, "1j [Z1 Y2 Z3]"], [0.09693637438433383, "1j [Y0 Z1]"], [0.09694366585714172, "1j [Y2 Z3]"], [-0.03394452190338752, "1j [Z0 Y1 Z3]"], [-0.033944521071492054, "1j [Z1 Z2 Y3]"], [0.006093885999112859, "1j [Y0 Z1 Y2 Y3]"], [0.0011958611377432928, "1j [Y0 Z1 X3]"]], "phi": [[[[-1.1345423079343482, 0.21260202826833735], [1.142156456581835, 2.7021425477992813]], [[-1.134541621424946, -2.9289957134679208], [1.1420674731818057, -1.0973409257524518]], [[-4.276141294024559, 0.2126071816457289], [1.1420191750889463, 0.6485810208696855]], [[2.007047313477764, -0.21260165945609547], [-1.9996325808191333, -0.6977097007408223]], [[-1.1345384003675825, -3.35418674476864], [-1.9995348529475487, 0.6978381721822263]], [[-1.134536713217475, -0.21260342724639525], [-1.9993632330827737, -0.4394457532367436]], [[2.0070433552002704, -0.21258177003611203], [-1.999454766856089, 4.687709050261597]], [[-1.1345439296777675, -0.21261265824917727], [-1.9993273585790396, -0.43943944465582613]], [[-1.1345428809334772, -3.354201771534566], [-1.999531937977338, 2.9415315886165954]], [[-1.1345423674487072, -0.21260830590474392], [-1.9994252448692795, -0.43944026467786074]], [[2.0070505007435155, 0.2126035013384234], [1.1420836705169115, -1.1466017542641775]], [[2.0070479296022787, 0.21260811389960105], [1.1420084450770391, -0.24887891074238408]], [[-1.13453189949758, -2.928969447742507], [1.142048979895207, 0.6977295013507029]], [[-1.1345413858412667, 0.21260293585140222], [1.1421361693350092, -0.43948089179293387]]]], "metrics": {"energy": [-0.7200400120812175, -0.987867766568783, -0.9921224654251563, -0.9921225220518133], "mutual_information": [1.92205590228895e-15, 3.6113078355865484, 2.057140923350566, 2.0005245033482444], "adapt_pool_gradmax": [0, 3.645737848764763e-09, 9.285456743779452e-09, 5.34576552649324e-07], "phi_grad": [2.9802322387695312e-08, -1.4901161193847656e-08, 5.21540641784668e-07, 5.811452865600586e-07, 5.960464477539063e-08, -1.4901161193847656e-08, -2.384185791015625e-07, -5.960464477539063e-08, -1.341104507446289e-07, 1.2665987014770508e-07, 1.3560056686401367e-06, -1.5497207641601562e-06, -5.21540641784668e-08, 1.4901161193847656e-08, -5.0067901611328125e-06, 4.902482032775879e-06, 1.1175870895385742e-07, 1.1175870895385742e-07, 3.6507844924926758e-06, 3.889203071594238e-06, 2.384185791015625e-07, 0.0, 1.4603137969970703e-06, 1.4454126358032227e-06, -1.7881393432617188e-07, 6.705522537231445e-07, 2.130866050720215e-06, -2.2649765014648438e-06, -2.9802322387695312e-08, -2.8312206268310547e-07, 1.9818544387817383e-06, 1.9073486328125e-06, 7.450580596923828e-09, -1.043081283569336e-07, -3.471970558166504e-06, -3.3527612686157227e-06, 2.9802322387695312e-08, -1.6391277313232422e-07, 7.599592208862305e-07, 8.195638656616211e-07, 2.9802322387695312e-08, 2.9802322387695312e-08, 7.450580596923828e-07, -8.717179298400879e-07, -3.725290298461914e-08, 1.2665987014770508e-07, 8.866190910339355e-07, -1.0728836059570312e-06, 3.8743019104003906e-07, 3.948807716369629e-07, -1.475214958190918e-06, -1.3262033462524414e-06, 1.043081283569336e-07, 5.21540641784668e-08, -4.76837158203125e-06, -4.723668098449707e-06], "theta_grad": [-5.927403133459963e-07, 2.0516733104103402e-08, 6.021221102825436e-06, 6.020762934828838e-06, 2.524758772456384e-06, 2.517762806097164e-06, -6.125180101805268e-07, -6.126963052783114e-07, -5.1578889860015575e-06]}, "metadata": {"seed": 174551837, "weighting": null, "dpo_tol": 1e-06, "adapt_tol": 1e-06, "phi_tol": 1e-05, "constrain_phi": true, "type": "nonviolation", "layer": "cnotry"}}