{"state": [[-0.5340058095006452, "1j [X0 X1 Y3]"], [0.41604313341454663, "1j [Y2]"], [-0.33306485824881404, "1j [Y0]"], [-5.844368425206808e-12, "1j [Y1 Z3]"], [0.7853981633971903, "1j [Z1 Y3]"]], "phi": [[[-2.236926267931245, 2.102260412806712], [0.9046665518566988, 0.7559217388968817], [4.046259533019168, -0.5905343526258764], [-2.2369265144330783, -1.4881303433597401], [0.9046659708867546, 0.7559214938767215], [4.046259266218257, -2.3857287798528897], [-2.236925791662872, 0.7558635870732288], [-2.2369253676894054, 2.9998565185190205], [0.9046671975385913, 0.755922142148856], [-2.2369258732283006, 3.8974562124557406], [0.9046666868444492, 0.7559219781117021], [-2.2369260411678122, 1.2046633516623462], [-2.2369258159424583, 0.3070633868142038], [0.9046665054579905, -2.385670951637742]], [[-0.7387098975402799, -5.248936036691063], [2.402882708592451, -0.31208981061898144], [-0.7387103061111403, -1.6585458433498534], [-0.738709364538366, -2.5561417760299494], [2.4028830954065965, -0.3120898324522337], [-0.7387100195296825, 2.8294440385], [-0.738710012038008, -0.3121484353826327], [-0.7387105906729627, 1.9318452694410275], [2.402882154366233, -0.312089116016561], [-0.7387098688294484, -3.453740915877577], [2.402882571829118, -0.3120896571034278], [-0.7387098857549889, 0.1366516184232766], [-0.7387098957385592, -0.7609484380957117], [2.402882132433319, 2.829502980014414]]], "energies": [1.0420349088478347, 0.694019764227348, 0.6932188376847556, 0.6932179246886807]}