{"state": [[-1.3919613936164714, "1j [Y0 X1 X2 X3]"], [-0.7853981633974465, "1j [Y1]"], [0.230609958794556, "1j [X2 Y3]"], [0.7853981633974426, "1j [X1 X2 Y3]"], [-0.03911947806863961, "1j [Y2]"]], "phi": [[[5.070060114795875, -0.9406794279358045], [-1.2131275576567442, 1.572592606295561], [1.9284663049011237, 3.6167352157349715], [-1.213125832542521, 2.8292327171690532], [1.9284664531632827, 3.616734627842823], [1.9284682490178462, 3.6167365341414413], [-1.213126035731433, -2.197318469631749], [-1.2131235093987072, 0.3159563049781135], [-7.496310643420888, -2.825635600486123], [-1.2131255143258262, -5.653069393024208], [-4.354718890019943, -2.6664529716479093], [-1.213125602092276, 0.0017998757810046534], [5.070058498638616, 3.4575480763682784], [1.9284651764100786, 0.4751408846922538]], [[1.4925572694224711, 1.0913370426665008], [1.4925572946728503, -2.3644161862582074], [-1.6490353198173697, -0.634433606263172], [1.4925574742044017, -1.7360958428863282], [4.634150019603092, -0.6344339363258349], [4.634150034587139, -0.6344328534397238], [1.4925573685508553, 0.14885680342023636], [-4.79062796574517, 2.347972921909485], [1.4925572811117567, -0.793619061064014], [1.4925572729981282, -3.6210528917710954], [-1.6490353041390209, -0.6344354249792378], [1.4925572218626506, 2.033815844405982], [1.492557509082265, -0.7936205162207288], [-1.6490350180204236, 2.507158412321186]]], "energies": [0.24483197724384165, 0.24471779469361113, 0.2447174185398939]}