{"state": [[0.7853981496062671, "1j [Y0 Z2]"], [-0.7853961138178436, "1j [Y0 Z1 Y2 Y3]"], [-3.6939834997958993e-06, "1j [X0 Z1 X2 X3]"], [3.1913077978163425e-06, "1j [Y0 Z1 Z2]"], [1.404393891462755e-06, "1j [Z0 Y1 X2]"]], "phi": [[[[-1.5714385202396843, -1.5706516934063488, 0.5334542053837978, -1.571842147615642], [-1.49445276540767e-05, -1.5262517792988692, -0.4019657924634214, -0.0002990457037967593]], [[-0.0005720702104312092, -1.2669863388094338, 0.09203137320444613, -0.0002399448491199051], [-5.038343345043057e-05, -0.10172220972632845, -0.2553663468492025, 1.569868584817867]], [[1.5710938316063185, 1.5708641245916248, 0.5334360855486775, -1.5708162560597627], [-2.0690776461007513e-05, 0.5139368065616461, -2.4416204213583885, 0.0005879538864963184]], [[0.7842574255831707, 1.5714613854472508, 0.5329789832874051, -0.7848884470569356], [3.141620567652899, -4.73415506899868, 3.5476032185476494, 2.35663266819999]], [[0.7867518486856295, -1.5710230837164263, -2.607972906675082, -0.7855306281948701], [3.3848204497847447e-05, 0.26586934548523516, -2.979796007739685, -2.35622243724962]], [[3.141515735137349, 2.3736992983461955, 0.4469313681876871, -3.141307987997077], [3.1413371648370116, 1.1419373769172654, 0.7849746854774216, 1.5713436896084025]], [[3.14117601359083, 0.8755915519526213, -0.06338714010500826, 0.0001899902965140577], [-3.141721232434335, 1.9354035528401161, 1.5780891701491015, -1.5712084735733371]], [[-0.7861306294378217, -1.5713080556529921, 0.5339035498705428, 0.7857061341745188], [-0.00015717094124940295, 1.3566012919611639, 0.6420660448219934, -0.7842572456467424]], [[0.7844784747012941, -1.5701991621988325, 0.533047339010624, -0.7844295606850257], [-3.1415843222635886, -1.683316351552248, -1.2549781485596494, -0.7857312615397688]], [[3.141422711956604, -0.12530395692214297, 0.768667466115249, 3.1415472836507616], [2.9927171386368435e-05, -4.194446138039751, -1.339362272838698, -2.300516097140166]], [[-0.00012498815669907324, 0.847683328032983, -4.099738463039702, -1.4894540575945474e-05], [2.5056644711831205e-05, 2.5913146292814275, 2.2267515750949833, -2.3013912138405264]], [[-4.247045562496134, -1.5715248519226, -2.6083151407672016, 0.7287993823775173], [-0.00015815122097189262, -0.7554565712293971, 0.3981992584005897, 1.5705584394432401]], [[-1.1085546941920765, 1.5704174853685302, 0.5334704187725228, -2.411793992407277], [1.8863754811500066e-05, -3.1821203204261024, 2.8251003209272216, 1.5709475766662808]], [[3.1416137223707694, -1.3135489090892158, 3.470179957083861, 0.00033735513349849515], [6.448041357433954e-05, 3.038715016564204, -0.25431838962000747, -4.712194826194063]]]], "metrics": {"energy": [-0.7008566747259686, -0.9729171733862034, -0.9958315027302607, -0.9979455182270058, -0.9999785257642149, -0.9999999340846851, -0.9999999739823917], "mutual_information": [1.92205590228895e-15, 3.685602557596486, 3.999489059966006, 3.999980786853752, 3.9999946398243185, 3.9999994252059867, 3.999999999826857], "adapt_pool_gradmax": [0, 6.8733910230101e-10, 4.728877618688645e-07, 6.08024360532981e-07, 6.945435878285065e-07, 6.801839902294922e-07, 8.710445972948234e-07], "phi_grad": [7.897615432739258e-07, 2.8461217880249023e-06, 1.080334186553955e-06, -6.22868537902832e-06, -2.086162567138672e-07, -1.9669532775878906e-06, -1.9669532775878906e-06, 6.407499313354492e-07, -1.1026859283447266e-06, 0.0, 0.0, 4.634261131286621e-06, 9.685754776000977e-08, -2.3245811462402344e-06, -2.3245811462402344e-06, -3.471970558166504e-06, 2.3692846298217773e-06, 1.1920928955078125e-07, -8.344650268554688e-07, -1.1920928955078125e-06, -7.972121238708496e-07, 5.27501106262207e-06, 5.27501106262207e-06, 5.02169132232666e-06, -3.5762786865234375e-07, 7.37607479095459e-07, -2.6300549507141113e-06, -1.5497207641601562e-06, 2.5331974029541016e-07, -2.2798776626586914e-06, 2.2798776626586914e-06, 6.780028343200684e-07, 3.941357135772705e-06, 1.1995434761047363e-06, 1.7881393432617188e-06, -1.9222497940063477e-06, 5.960464477539062e-07, 1.5944242477416992e-06, 1.5869736671447754e-06, 8.046627044677734e-07, -6.332993507385254e-07, 0.0, 0.0, -2.5331974029541016e-07, -3.8743019104003906e-07, -4.082918167114258e-06, 4.075467586517334e-06, -8.344650268554688e-07, -1.2069940567016602e-06, -7.450580596923828e-09, -7.450580596923828e-09, 9.08970832824707e-07, 6.705522537231445e-08, 1.341104507446289e-06, -1.3560056686401367e-06, -2.4884939193725586e-06, -3.300607204437256e-06, 4.991888999938965e-07, 3.5017728805541992e-06, -1.3262033462524414e-06, -1.952052116394043e-06, -5.736947059631348e-06, -5.736947059631348e-06, 5.5730342864990234e-06, 2.7567148208618164e-07, 2.0116567611694336e-07, -1.5869736671447754e-06, -1.4901161193847656e-06, -2.0116567611694336e-07, -1.8328428268432617e-06, 1.8253922462463379e-06, 2.3692846298217773e-06, 9.387731552124023e-07, 0.0, 0.0, -9.164214134216309e-07, 1.9371509552001953e-07, -1.9297003746032715e-06, -1.9371509552001953e-06, -1.6838312149047852e-06, -2.115964889526367e-06, 0.0, 0.0, 1.817941665649414e-06, 6.780028343200684e-07, -4.172325134277344e-07, -4.246830940246582e-07, -1.9818544387817383e-06, 3.3676624298095703e-06, -1.8849968910217285e-06, 1.4007091522216797e-06, -3.7103891372680664e-06, -1.1622905731201172e-06, -1.5124678611755371e-06, -1.519918441772461e-06, -7.972121238708496e-07, -3.5762786865234375e-07, -1.1995434761047363e-06, -2.726912498474121e-06, -9.238719940185547e-07, 2.3096799850463867e-07, 1.8775463104248047e-06, 1.8775463104248047e-06, -3.427267074584961e-07, -2.294778823852539e-06, 0.0, -7.450580596923828e-09, 7.458031177520752e-06, 4.023313522338867e-06, -1.7434358596801758e-06, -1.7434358596801758e-06, 7.137656211853027e-06], "theta_grad": [7.114465550380842e-11, -4.672696506228889e-14, -2.220677166425136e-12, 5.992579884821523e-12, 6.906568145700246e-10]}, "metadata": {"seed": 250897077, "weighting": null, "dpo_tol": 1e-06, "adapt_tol": 1e-06, "phi_tol": 1e-05, "constrain_phi": true, "type": "nonviolation", "layer": "u3ry"}}