{"state": [[0.7853981633974484, "1j [X0 Z1 X2 Y3]"], [-0.7853981633974483, "1j [Y0 Y1 Z2 Y3]"], [-5.443549565573448e-07, "1j [X0 Z2 Y3]"]], "phi": [[[-3.021832055241565], [0.766507456111847]], [[5.404973966982856], [-2.375208669862311]], [[-0.32904789686554614], [0.7663150688126827]], [[0.5685569001264396], [0.7666401573414139]], [[-0.8782120807519402], [3.908380302947692]], [[-1.6754007108941518], [0.7664595393064721]], [[1.4661785239927423], [0.7664023994465679]], [[-0.8782118112948694], [-2.3753095587984907]], [[2.3637607805902956], [0.7664116644695173]], [[-1.2266278542866202], [0.7669239452287275]], [[-2.1242226120491896], [0.766269678016075]], [[-0.8782112213531061], [-2.3750560272193626]], [[1.4662016884167088], [0.7664679188892574]], [[2.2633805570715815], [-2.3751425245263964]]], "metrics": {"energy": [9.249061161851694, 1.2887310708565054, 0.9028742692836182, 0.7051183494291098, 0.5632685980368263, 0.449688030229927, 0.3604811972981283, 0.2938065880670524, 0.24600405787692095, 0.21237481340348938, 0.18866522185959117, 0.1717010281887004, 0.1593216823272267, 0.15010068602812843, 0.1430954295123667, 0.1376746344925222, 0.13340819897792922, 0.12999788238706433, 0.11905761803234667, 0.11505427862877168, 0.11308312148353822, 0.11275874857582206, 0.11175227881693235, 0.11159425115966566, 0.11106720442504091, 0.1109883156483613, 0.11071004905855837, 0.1106697208388973, 0.11052105789260758, 0.11049990823917047, 0.11041910263872552, 0.1104076842773719, 0.11036281657630889, 0.11033660040087424, 0.11033099672332043, 0.11031553367145247, 0.11031258711374504, 0.11030334954109061, 0.11030171899722548, 0.11029612961220142, 0.1102951918349617, 0.11029177422694672, 0.1102912179133032, 0.11028910717650338, 0.11028877015075655, 0.11028745647931408, 0.11028662532885371, 0.11028642716684423, 0.11028589677962022, 0.11028578157709287, 0.11028544343852575, 0.11028537453788757, 0.11028515979511483, 0.11028511747960262, 0.11028498084760911, 0.1102849546809167, 0.11028486751244362, 0.11028485109192035, 0.11028479573064481, 0.11028478536465486, 0.11028475015511063, 0.11028474357660933, 0.11028472108877699, 0.11028471690415102, 0.11028470257601813, 0.11028469991421398, 0.1102846906744121, 0.11028468899670707, 0.11028468315564276, 0.11028468208688753, 0.11028467835786859, 0.11028467768093696], "mutual_information": [1.92205590228895e-15, 3.9999943012688384, 3.9977434106277645, 3.9983797764109212, 3.9986300103429064, 3.998951504610597, 3.999279892997915, 3.999537067694823, 3.999712626529276, 3.9998242048843586, 3.9998927247748846, 3.99993424702044, 3.9999593598344, 3.9999746130644445, 3.9999839537451622, 3.999989735512821, 3.9999933589513073, 3.999995659721691, 3.9999971398134404, 3.999999974097702, 3.9999999981279712, 3.9999999815036547, 3.99999998539308, 3.999999987035587, 3.9999999835517066, 3.999999975425179, 3.9999999782283964, 3.999999984992402, 3.999999984481901, 3.999999985193882, 3.999999986522285, 3.9999999908214585, 3.9999999909806165, 3.9999999925416008, 3.999999995227241, 3.9999999953067724, 3.9999999961749317, 3.9999999965163453, 3.9999999977121234, 3.9999999977936227, 3.9999999983031325, 3.9999999984427914, 3.9999999989652375, 3.999999999012185, 3.9999999992646513, 3.9999999993226356, 3.999999999546259, 3.999999999657423, 3.999999999687449, 3.9999999997964, 3.999999999805473, 3.999999999856678, 3.9999999998688294, 3.9999999999139977, 3.999999999918039, 3.999999999940064, 3.99999999994507, 3.999999999964341, 3.9999999999659748, 3.999999999975101, 3.9999999999771747, 3.9999999999848947, 3.9999999999856897, 3.999999999989707, 3.999999999990562, 3.999999999993796, 3.9999999999941176, 3.9999999999957065, 3.999999999996068, 3.999999999997386, 3.999999999997538, 3.9999999999982885], "adapt_pool_gradmax": [0, 3.289882245238275e-10, 2.6975227607195507e-11, 9.608153880854336e-12, 2.737362420068834e-12, 5.620296127429913e-11, 1.173856999962247e-10, 2.2874856085255899e-10, 3.014786622233094e-13, 3.1507490188924236e-08, 1.1208770075781752e-08, 2.7027510096514287e-09, 8.111401632836246e-10, 7.859778519865579e-09, 1.1238829643245818e-10, 1.72215070677681e-09, 5.525021182329151e-09, 1.1436189270248913e-10, 1.134144963746139e-10, 1.1893837144657377e-09, 5.350954077423627e-11, 1.6557454666399796e-09, 1.0137963032025773e-10, 9.714267696047914e-10, 1.3881219438811074e-09, 1.0572712445151128e-10, 4.1131205919140305e-09, 8.081719605897324e-10, 1.057827300143672e-10, 8.886529508167018e-10, 1.029109239031957e-09, 5.783525385849201e-10, 5.634578168391277e-10, 4.2364889944083246e-10, 2.1703483376436024e-10, 4.100415372280118e-09, 1.5556517774571006e-10, 1.3497443411013523e-10, 7.188134741201323e-11, 6.824838707226961e-11, 1.9614528457205478e-10, 4.0504434116635235e-11, 2.1911108219860754e-11, 3.069066264743034e-09, 1.3120585350535644e-11, 1.1376290869393534e-11, 6.357003549787533e-12, 4.2767341568601195e-12, 9.113215776030112e-12, 1.894548617087278e-12, 9.107664778595481e-12, 9.102406403552081e-12, 1.957133193925945e-10, 7.16919431291723e-13, 9.993300008309134e-13, 1.3372098155992083e-12, 1.1906568667206102e-12, 9.092487878279083e-12, 1.3964585503733839e-12, 9.095103542766608e-12, 9.090609596209525e-12, 9.08888553379009e-12, 9.089246366256615e-12, 9.089329665578879e-12, 2.01649621708063e-12, 9.087910891351607e-12, 9.087744361558726e-12, 4.091287758875984e-09, 9.087257021391738e-12, 2.417184625408623e-12, 9.086729675426384e-12, 5.6771659502051285e-12], "phi_grad": [1.8328428268432617e-06, 8.130446076393127e-07, 2.1606683731079102e-07, -4.881061613559723e-06, -3.345310688018799e-06, -4.798173904418945e-06, -2.4586915969848633e-06, 5.258247256278992e-06, -2.4586915969848633e-07, 9.81893390417099e-06, 7.972121238708496e-07, -8.288770914077759e-08, 1.1920928955078125e-06, -2.853572368621826e-06, 2.2351741790771484e-08, -7.742084562778473e-06, 1.7434358596801758e-06, -2.969987690448761e-06, -1.214444637298584e-06, 1.52587890625e-05, 5.960464477539062e-07, -7.428228855133057e-06, 2.682209014892578e-07, 1.1473894119262695e-06, 1.6167759895324707e-06, -9.005889296531677e-07, -3.650784492492676e-07, -9.98377799987793e-07], "theta_grad": [-6.482125559494226e-07, 1.0951745292350889e-15, 1.7379650468812483e-15]}}