{"state": [[0.7853981633974484, "1j [Z1 X2 Y3]"], [0.7853981633974484, "1j [Y0 Z1 Z2 Z3]"]], "phi": [[[-3.006424975803652], [0.7661351578349234]], [[5.378200603570432], [-2.375000326533037]], [[-0.313820693991529], [0.7669167957908076]], [[0.5838766025220947], [0.7659933925745551]], [[-0.9049891553545318], [3.90759587754564]], [[-1.661164213974885], [0.7666651290208258]], [[1.4809227650857097], [0.7665054363591554]], [[-0.9049851582839052], [-2.3742249666437374]], [[2.3788801225013896], [0.7662218536388864]], [[-1.211846069475642], [0.765788549244529]], [[-2.109212700343479], [0.7671909258531545]], [[-0.904982137739369], [-2.3750234494888987]], [[1.480248142527712], [0.766594355979058]], [[2.2365509748233823], [-2.3753439677913346]]], "metrics": {"energy": [-0.7220072012819534, -0.9921142199230367, -0.9921225063887703, -0.9921225140502352, -0.9921225140502352], "mutual_information": [1.92205590228895e-15, 3.999885235090008, 3.9999998939958443, 3.999999999999999, 3.999999999999999], "adapt_pool_gradmax": [0, 3.437973126403486e-11, 2.2106271183075432e-09, 1.8283422717497297e-06, 1.8283422717497297e-06], "phi_grad": [2.8461217880249023e-06, -1.5348196029663086e-06, 6.407499313354492e-07, -2.6747584342956543e-06, -9.909272193908691e-07, -1.4901161193847656e-06, 2.1010637283325195e-06, -4.202127456665039e-06, 5.960464477539062e-07, 1.1473894119262695e-06, -3.56137752532959e-06, 2.294778823852539e-06, 2.726912498474121e-06, 2.3543834686279297e-06, 6.407499313354492e-07, 7.3015689849853516e-06, 2.4586915969848633e-06, -2.5331974029541016e-07, -3.1739473342895508e-06, -1.8477439880371094e-06, -4.023313522338867e-07, 9.98377799987793e-07, 6.705522537231445e-07, 2.6226043701171875e-06, -2.0563602447509766e-06, 3.1068921089172363e-06, -2.562999725341797e-06, -7.91996717453003e-06], "theta_grad": [1.1343904207915e-17, 4.478711002943379e-17]}}